code,municipality,year,numero_de_psu_igual_o_superior_a_450_puntos_que_rinde_la_prueba_por_primera_vez_en_colegios_municipales,numero_de_alumnos_de_4º_medio_de_colegios_municipales_que_rindieron_la_psu_por_primera_vez,numero_de_psu_igual_o_superior_a_450_puntos_que_rinde_la_prueba_por_primera_vez_en_colegios_particulares_subvencionados,numero_de_alumnos_de_4º_medio_de_colegios_particulares_subvencionados_que_rindieron_la_psu_por_primera_vez,numero_de_psu_igual_o_superior_a_450_puntos_que_rinde_la_prueba_por_primera_vez_en_colegios_particulares_pagados,numero_de_alumnos_de_4º_medio_de_colegios_particulares_que_rindieron_la_psu_por_primera_vez,porcentaje_de_puntajes_psu_igual_o_superior_a_450_puntos_en_establecimientos_municipales_de_educacion,porcentaje_de_puntajes_psu_igual_o_superior_a_450_puntos_en_establecimientos_particulares_subvencionados_de_educacion,porcentaje_de_puntajes_psu_igual_o_superior_a_450_puntos_en_establecimientos_particulares_pagados_de_educacion
09101,TEMUCO,2018,678,992,2075,2931,295,309,68.35,70.79,95.47
09102,CARAHUE,2018,96,197,17,50,0,0,48.73,34,0
09103,CUNCO,2018,47,88,32,83,0,0,53.41,38.55,0
09104,CURARREHUE,2018,8,21,0,0,0,0,38.1,0,0
09105,FREIRE,2018,23,66,18,34,0,0,34.85,52.94,0
09106,GALVARINO,2018,18,55,3,19,0,0,32.73,15.79,0
09107,GORBEA,2018,11,44,1,3,0,0,25,33.33,0
09108,LAUTARO,2018,111,255,2,6,0,0,43.53,33.33,0
09109,LONCOCHE,2018,77,123,38,58,0,0,62.6,65.52,0
09110,MELIPEUCO,2018,13,23,6,22,0,0,56.52,27.27,0
09111,NUEVA IMPERIAL,2018,84,194,100,171,0,0,43.3,58.48,0
09112,PADRE LAS CASAS,2018,0,0,128,266,0,0,0,48.12,0
09113,PERQUENCO,2018,36,73,4,13,0,0,49.32,30.77,0
09114,PITRUFQUÉN,2018,43,87,204,346,0,0,49.43,58.96,0
09115,PUCÓN,2018,57,104,120,203,0,0,54.81,59.11,0
09116,SAAVEDRA,2018,9,23,2,11,0,0,39.13,18.18,0
09117,TEODORO SCHMIDT,2018,7,14,4,8,0,0,50,50,0
09118,TOLTÉN,2018,14,33,0,0,0,0,42.42,0,0
09119,VILCÚN,2018,52,88,46,83,0,0,59.09,55.42,0
09120,VILLARRICA,2018,141,214,398,567,28,28,65.89,70.19,100
09121,CHOLCHOL,2018,3,13,32,110,0,0,23.08,29.09,0
09201,ANGOL,2018,275,564,117,182,24,24,48.76,64.29,100
09202,COLLIPULLI,2018,29,75,55,74,0,0,38.67,74.32,0
09203,CURACAUTÍN,2018,67,147,0,0,0,0,45.58,0,0
09204,ERCILLA,2018,4,12,3,7,0,0,33.33,42.86,0
09205,LONQUIMAY,2018,31,74,0,0,0,0,41.89,0,0
09206,LOS SAUCES,2018,15,63,0,0,0,0,23.81,0,0
09207,LUMACO,2018,5,25,0,0,0,0,20,0,0
09208,PURÉN,2018,52,91,0,0,0,0,57.14,0,0
09209,RENAICO,2018,7,40,0,0,0,0,17.5,0,0
09210,TRAIGUÉN,2018,62,136,62,87,0,0,45.59,71.26,0
09211,VICTORIA,2018,100,286,121,162,0,0,34.97,74.69,0
09101,TEMUCO,2017,663,957,2088,2881,294,305,69.28,72.47,96.39
09102,CARAHUE,2017,90,185,14,37,0,0,48.65,37.84,0
09103,CUNCO,2017,62,91,26,82,0,0,68.13,31.71,0
09104,CURARREHUE,2017,5,25,0,0,0,0,20,0,0
09105,FREIRE,2017,15,58,11,28,0,0,25.86,39.29,0
09106,GALVARINO,2017,38,69,5,16,0,0,55.07,31.25,0
09107,GORBEA,2017,23,60,1,4,0,0,38.33,25,0
09108,LAUTARO,2017,136,253,2,8,0,0,53.75,25,0
09109,LONCOCHE,2017,64,105,36,57,0,0,60.95,63.16,0
09110,MELIPEUCO,2017,5,13,6,23,0,0,38.46,26.09,0
09111,NUEVA IMPERIAL,2017,91,202,95,185,0,0,45.05,51.35,0
09112,PADRE LAS CASAS,2017,0,0,129,263,0,0,0,49.05,0
09113,PERQUENCO,2017,26,59,5,14,0,0,44.07,35.71,0
09114,PITRUFQUÉN,2017,59,102,183,331,0,0,57.84,55.29,0
09115,PUCÓN,2017,63,99,109,179,0,0,63.64,60.89,0
09116,SAAVEDRA,2017,15,25,3,18,0,0,60,16.67,0
09117,TEODORO SCHMIDT,2017,3,10,0,0,0,0,30,0,0
09118,TOLTÉN,2017,21,34,0,0,0,0,61.76,0,0
09119,VILCÚN,2017,35,64,45,88,0,0,54.69,51.14,0
09120,VILLARRICA,2017,137,203,368,555,24,24,67.49,66.31,100
09121,CHOLCHOL,2017,4,15,36,99,0,0,26.67,36.36,0
09201,ANGOL,2017,309,547,132,175,19,19,56.49,75.43,100
09202,COLLIPULLI,2017,37,92,51,81,0,0,40.22,62.96,0
09203,CURACAUTÍN,2017,63,121,0,0,0,0,52.07,0,0
09204,ERCILLA,2017,6,13,0,6,0,0,46.15,0,0
09205,LONQUIMAY,2017,28,57,0,0,0,0,49.12,0,0
09206,LOS SAUCES,2017,5,46,0,0,0,0,10.87,0,0
09207,LUMACO,2017,12,35,0,0,0,0,34.29,0,0
09208,PURÉN,2017,58,110,0,0,0,0,52.73,0,0
09209,RENAICO,2017,13,67,0,0,0,0,19.4,0,0
09210,TRAIGUÉN,2017,56,107,76,97,0,0,52.34,78.35,0
09211,VICTORIA,2017,89,204,147,204,0,0,43.63,72.06,0
09101,TEMUCO,2016,556,815,2141,3052,288,311,68.22,70.15,92.6
09102,CARAHUE,2016,87,163,19,36,0,0,53.37,52.78,0
09103,CUNCO,2016,49,89,24,85,0,0,55.06,28.24,0
09104,CURARREHUE,2016,9,35,0,0,0,0,25.71,0,0
09105,FREIRE,2016,12,47,12,31,0,0,25.53,38.71,0
09106,GALVARINO,2016,17,51,7,19,0,0,33.33,36.84,0
09107,GORBEA,2016,7,30,0,4,0,0,23.33,0,0
09108,LAUTARO,2016,144,274,2,6,0,0,52.55,33.33,0
09109,LONCOCHE,2016,73,112,32,64,0,0,65.18,50,0
09110,MELIPEUCO,2016,6,16,4,20,0,0,37.5,20,0
09111,NUEVA IMPERIAL,2016,74,169,103,174,0,0,43.79,59.2,0
09112,PADRE LAS CASAS,2016,0,0,121,281,0,0,0,43.06,0
09113,PERQUENCO,2016,19,61,2,8,0,0,31.15,25,0
09114,PITRUFQUÉN,2016,78,115,181,321,0,0,67.83,56.39,0
09115,PUCÓN,2016,57,96,94,167,0,0,59.38,56.29,0
09116,SAAVEDRA,2016,7,22,0,14,0,0,31.82,0,0
09117,TEODORO SCHMIDT,2016,4,15,0,0,0,0,26.67,0,0
09118,TOLTÉN,2016,19,47,0,0,0,0,40.43,0,0
09119,VILCÚN,2016,32,61,51,103,0,0,52.46,49.51,0
09120,VILLARRICA,2016,111,155,361,535,36,37,71.61,67.48,97.3
09121,CHOLCHOL,2016,0,11,24,92,0,0,0,26.09,0
09201,ANGOL,2016,280,538,150,206,19,19,52.04,72.82,100
09202,COLLIPULLI,2016,40,117,49,63,0,0,34.19,77.78,0
09203,CURACAUTÍN,2016,69,143,0,0,0,0,48.25,0,0
09204,ERCILLA,2016,1,11,0,1,0,0,9.09,0,0
09205,LONQUIMAY,2016,24,74,0,0,0,0,32.43,0,0
09206,LOS SAUCES,2016,17,68,0,0,0,0,25,0,0
09207,LUMACO,2016,4,19,0,0,0,0,21.05,0,0
09208,PURÉN,2016,53,90,0,0,0,0,58.89,0,0
09209,RENAICO,2016,10,30,0,0,0,0,33.33,0,0
09210,TRAIGUÉN,2016,53,116,44,74,0,0,45.69,59.46,0
09211,VICTORIA,2016,74,173,126,224,0,0,42.77,56.25,0
09101,TEMUCO,2015,550,820,2070,2924,285,300,67.07,70.79,95
09102,CARAHUE,2015,83,153,14,35,0,0,54.25,40,0
09103,CUNCO,2015,68,100,31,81,0,0,68,38.27,0
09104,CURARREHUE,2015,3,23,0,0,0,0,13.04,0,0
09105,FREIRE,2015,11,50,2,12,0,0,22,16.67,0
09106,GALVARINO,2015,23,51,6,21,0,0,45.1,28.57,0
09107,GORBEA,2015,8,45,1,1,0,0,17.78,100,0
09108,LAUTARO,2015,131,256,1,9,0,0,51.17,11.11,0
09109,LONCOCHE,2015,104,139,33,59,0,0,74.82,55.93,0
09110,MELIPEUCO,2015,3,9,3,18,0,0,33.33,16.67,0
09111,NUEVA IMPERIAL,2015,77,200,113,214,0,0,38.5,52.8,0
09112,PADRE LAS CASAS,2015,0,0,130,267,0,0,0,48.69,0
09113,PERQUENCO,2015,19,54,2,3,0,0,35.19,66.67,0
09114,PITRUFQUÉN,2015,63,114,186,312,0,0,55.26,59.62,0
09115,PUCÓN,2015,45,71,104,166,0,0,63.38,62.65,0
09116,SAAVEDRA,2015,9,19,4,11,0,0,47.37,36.36,0
09117,TEODORO SCHMIDT,2015,8,27,0,0,0,0,29.63,0,0
09118,TOLTÉN,2015,12,39,0,0,0,0,30.77,0,0
09119,VILCÚN,2015,46,68,44,93,0,0,67.65,47.31,0
09120,VILLARRICA,2015,152,222,307,459,39,43,68.47,66.88,90.7
09121,CHOLCHOL,2015,0,0,23,64,0,0,0,35.94,0
09201,ANGOL,2015,262,545,133,170,20,20,48.07,78.24,100
09202,COLLIPULLI,2015,22,61,40,57,0,0,36.07,70.18,0
09203,CURACAUTÍN,2015,65,121,0,0,0,0,53.72,0,0
09204,ERCILLA,2015,3,7,0,0,0,0,42.86,0,0
09205,LONQUIMAY,2015,23,65,0,0,0,0,35.38,0,0
09206,LOS SAUCES,2015,6,60,0,0,0,0,10,0,0
09207,LUMACO,2015,4,24,0,0,0,0,16.67,0,0
09208,PURÉN,2015,57,113,0,0,0,0,50.44,0,0
09209,RENAICO,2015,9,33,0,0,0,0,27.27,0,0
09210,TRAIGUÉN,2015,42,112,44,67,0,0,37.5,65.67,0
09211,VICTORIA,2015,65,180,151,268,0,0,36.11,56.34,0
09101,TEMUCO,2014,545,797,2063,2966,279,291,68.38,69.55,95.88
09102,CARAHUE,2014,81,184,6,31,0,0,44.02,19.35,0
09103,CUNCO,2014,28,51,37,100,0,0,54.9,37,0
09104,CURARREHUE,2014,4,30,0,0,0,0,13.33,0,0
09105,FREIRE,2014,13,56,3,13,0,0,23.21,23.08,0
09106,GALVARINO,2014,23,55,2,11,0,0,41.82,18.18,0
09107,GORBEA,2014,11,47,0,4,0,0,23.4,0,0
09108,LAUTARO,2014,113,225,1,8,0,0,50.22,12.5,0
09109,LONCOCHE,2014,92,151,2,17,0,0,60.93,11.76,0
09110,MELIPEUCO,2014,5,11,8,17,0,0,45.45,47.06,0
09111,NUEVA IMPERIAL,2014,70,189,98,185,0,0,37.04,52.97,0
09112,PADRE LAS CASAS,2014,0,0,90,243,0,0,0,37.04,0
09113,PERQUENCO,2014,20,57,0,0,0,0,35.09,0,0
09114,PITRUFQUÉN,2014,64,96,160,271,0,0,66.67,59.04,0
09115,PUCÓN,2014,35,50,124,190,0,0,70,65.26,0
09116,SAAVEDRA,2014,6,14,4,19,0,0,42.86,21.05,0
09117,TEODORO SCHMIDT,2014,3,17,0,0,0,0,17.65,0,0
09118,TOLTÉN,2014,23,42,0,0,0,0,54.76,0,0
09119,VILCÚN,2014,35,72,49,80,0,0,48.61,61.25,0
09120,VILLARRICA,2014,147,225,322,444,38,43,65.33,72.52,88.37
09121,CHOLCHOL,2014,0,0,20,67,0,0,0,29.85,0
09201,ANGOL,2014,258,537,133,179,21,21,48.04,74.3,100
09202,COLLIPULLI,2014,20,72,49,65,0,0,27.78,75.38,0
09203,CURACAUTÍN,2014,65,128,0,0,0,0,50.78,0,0
09204,ERCILLA,2014,2,12,0,4,0,0,16.67,0,0
09205,LONQUIMAY,2014,25,57,0,0,0,0,43.86,0,0
09206,LOS SAUCES,2014,4,45,0,0,0,0,8.89,0,0
09207,LUMACO,2014,6,39,0,0,0,0,15.38,0,0
09208,PURÉN,2014,47,73,0,0,0,0,64.38,0,0
09209,RENAICO,2014,2,39,0,0,0,0,5.13,0,0
09210,TRAIGUÉN,2014,49,122,53,74,0,0,40.16,71.62,0
09211,VICTORIA,2014,69,164,146,268,0,0,42.07,54.48,0
09101,TEMUCO,2013,520,840,1950,2803,288,299,61.9,69.57,96.32
09102,CARAHUE,2013,90,178,8,26,0,0,50.56,30.77,0
09103,CUNCO,2013,47,94,46,104,0,0,50,44.23,0
09104,CURARREHUE,2013,2,20,0,0,0,0,10,0,0
09105,FREIRE,2013,25,70,2,7,0,0,35.71,28.57,0
09106,GALVARINO,2013,18,38,3,20,0,0,47.37,15,0
09107,GORBEA,2013,12,31,0,0,0,0,38.71,0,0
09108,LAUTARO,2013,100,205,1,8,0,0,48.78,12.5,0
09109,LONCOCHE,2013,97,158,5,28,0,0,61.39,17.86,0
09110,MELIPEUCO,2013,3,16,0,0,0,0,18.75,0,0
09111,NUEVA IMPERIAL,2013,50,135,110,266,0,0,37.04,41.35,0
09112,PADRE LAS CASAS,2013,0,0,114,268,0,0,0,42.54,0
09113,PERQUENCO,2013,15,47,1,8,0,0,31.91,12.5,0
09114,PITRUFQUÉN,2013,63,118,157,256,0,0,53.39,61.33,0
09115,PUCÓN,2013,29,71,67,155,0,0,40.85,43.23,0
09116,SAAVEDRA,2013,3,9,1,25,0,0,33.33,4,0
09117,TEODORO SCHMIDT,2013,2,18,0,0,0,0,11.11,0,0
09118,TOLTÉN,2013,9,34,0,0,0,0,26.47,0,0
09119,VILCÚN,2013,29,51,44,83,0,0,56.86,53.01,0
09120,VILLARRICA,2013,79,148,309,469,41,45,53.38,65.88,91.11
09121,CHOLCHOL,2013,0,0,7,13,0,0,0,53.85,0
09201,ANGOL,2013,258,557,143,231,18,18,46.32,61.9,100
09202,COLLIPULLI,2013,18,40,60,87,0,0,45,68.97,0
09203,CURACAUTÍN,2013,73,144,0,0,0,0,50.69,0,0
09204,ERCILLA,2013,3,7,0,11,0,0,42.86,0,0
09205,LONQUIMAY,2013,22,59,0,0,0,0,37.29,0,0
09206,LOS SAUCES,2013,4,38,0,0,0,0,10.53,0,0
09207,LUMACO,2013,9,38,0,0,0,0,23.68,0,0
09208,PURÉN,2013,25,72,0,0,0,0,34.72,0,0
09209,RENAICO,2013,4,33,0,0,0,0,12.12,0,0
09210,TRAIGUÉN,2013,66,131,44,67,0,0,50.38,65.67,0
09211,VICTORIA,2013,71,157,159,325,0,0,45.22,48.92,0
09101,TEMUCO,2012,496,766,2111,2989,313,333,64.75,70.63,93.99
09102,CARAHUE,2012,80,163,9,29,0,0,49.08,31.03,0
09103,CUNCO,2012,33,52,38,127,0,0,63.46,29.92,0
09104,CURARREHUE,2012,2,14,0,7,0,0,14.29,0,0
09105,FREIRE,2012,11,41,3,35,0,0,26.83,8.57,0
09106,GALVARINO,2012,11,31,2,14,0,0,35.48,14.29,0
09107,GORBEA,2012,8,17,0,0,0,0,47.06,0,0
09108,LAUTARO,2012,113,241,0,3,0,0,46.89,0,0
09109,LONCOCHE,2012,91,133,6,24,0,0,68.42,25,0
09110,MELIPEUCO,2012,3,13,0,3,0,0,23.08,0,0
09111,NUEVA IMPERIAL,2012,54,140,119,269,0,0,38.57,44.24,0
09112,PADRE LAS CASAS,2012,14,39,113,259,0,0,35.9,43.63,0
09113,PERQUENCO,2012,10,62,3,8,0,0,16.13,37.5,0
09114,PITRUFQUÉN,2012,79,137,144,258,0,0,57.66,55.81,0
09115,PUCÓN,2012,35,63,92,180,0,0,55.56,51.11,0
09116,SAAVEDRA,2012,4,22,1,19,0,0,18.18,5.26,0
09117,TEODORO SCHMIDT,2012,3,11,10,22,0,0,27.27,45.45,0
09118,TOLTÉN,2012,1,2,0,0,0,0,50,0,0
09119,VILCÚN,2012,18,47,41,81,0,0,38.3,50.62,0
09120,VILLARRICA,2012,74,142,344,471,36,38,52.11,73.04,94.74
09121,CHOLCHOL,2012,0,0,0,0,0,0,0,0,0
09201,ANGOL,2012,282,567,163,228,21,21,49.74,71.49,100
09202,COLLIPULLI,2012,27,58,59,85,0,0,46.55,69.41,0
09203,CURACAUTÍN,2012,61,125,0,0,0,0,48.8,0,0
09204,ERCILLA,2012,2,14,1,3,0,0,14.29,33.33,0
09205,LONQUIMAY,2012,35,51,0,0,0,0,68.63,0,0
09206,LOS SAUCES,2012,7,39,0,0,0,0,17.95,0,0
09207,LUMACO,2012,3,27,0,0,0,0,11.11,0,0
09208,PURÉN,2012,19,48,0,0,0,0,39.58,0,0
09209,RENAICO,2012,4,31,0,0,0,0,12.9,0,0
09210,TRAIGUÉN,2012,71,156,45,67,0,0,45.51,67.16,0
09211,VICTORIA,2012,65,146,172,337,0,0,44.52,51.04,0
09101,TEMUCO,2011,540,900,2.065,2.932,308,326,60,70.43,94.48
09102,CARAHUE,2011,84,164,7,40,0,0,51.22,17.5,0
09103,CUNCO,2011,33,63,33,105,0,0,52.38,31.43,0
09104,CURARREHUE,2011,2,10,0,14,0,0,20,0,0
09105,FREIRE,2011,15,39,4,44,0,0,38.46,9.09,0
09106,GALVARINO,2011,13,37,4,22,0,0,35.14,18.18,0
09107,GORBEA,2011,6,17,0,0,0,0,35.29,0,0
09108,LAUTARO,2011,106,219,2,9,0,0,48.4,22.22,0
09109,LONCOCHE,2011,87,136,5,31,0,0,63.97,16.13,0
09110,MELIPEUCO,2011,3,19,0,2,0,0,15.79,0,0
09111,NUEVA IMPERIAL,2011,31,134,111,302,0,0,23.13,36.75,0
09112,PADRE LAS CASAS,2011,7,25,96,252,0,0,28,38.1,0
09113,PERQUENCO,2011,16,66,1,10,0,0,24.24,10,0
09114,PITRUFQUÉN,2011,60,103,150,286,0,0,58.25,52.45,0
09115,PUCÓN,2011,37,76,104,185,0,0,48.68,56.22,0
09116,SAAVEDRA,2011,7,23,1,12,0,0,30.43,8.33,0
09117,TEODORO SCHMIDT,2011,2,9,5,20,0,0,22.22,25,0
09118,TOLTÉN,2011,5,10,0,0,0,0,50,0,0
09119,VILCÚN,2011,18,50,27,66,0,0,36,40.91,0
09120,VILLARRICA,2011,87,196,351,503,41,42,44.39,69.78,97.62
09121,CHOLCHOL,2011,0,0,0,0,0,0,0,0,0
09201,ANGOL,2011,250,614,127,213,24,24,40.72,59.62,100
09202,COLLIPULLI,2011,17,47,59,88,0,0,36.17,67.05,0
09203,CURACAUTÍN,2011,79,145,0,0,0,0,54.48,0,0
09204,ERCILLA,2011,7,24,0,25,0,0,29.17,0,0
09205,LONQUIMAY,2011,20,71,0,0,0,0,28.17,0,0
09206,LOS SAUCES,2011,3,53,0,0,0,0,5.66,0,0
09207,LUMACO,2011,4,35,0,0,0,0,11.43,0,0
09208,PURÉN,2011,23,59,0,0,0,0,38.98,0,0
09209,RENAICO,2011,3,32,0,0,0,0,9.38,0,0
09210,TRAIGUÉN,2011,64,117,48,86,0,0,54.7,55.81,0
09211,VICTORIA,2011,61,185,181,349,0,0,32.97,51.86,0
09101,TEMUCO,2010,624,1006,1978,2872,310,324,62.03,68.87,95.68
09102,CARAHUE,2010,90,160,11,40,0,0,56.25,27.5,0
09103,CUNCO,2010,39,81,38,97,0,0,48.15,39.18,0
09104,CURARREHUE,2010,1,8,6,29,0,0,12.5,20.69,0
09105,FREIRE,2010,13,37,2,16,0,0,35.14,12.5,0
09106,GALVARINO,2010,12,32,3,10,0,0,37.5,30,0
09107,GORBEA,2010,11,32,0,0,0,0,34.38,0,0
09108,LAUTARO,2010,96,181,1,7,0,0,53.04,14.29,0
09109,LONCOCHE,2010,92,124,9,34,0,0,74.19,26.47,0
09110,MELIPEUCO,2010,2,13,0,1,0,0,15.38,0,0
09111,NUEVA IMPERIAL,2010,50,146,116,293,0,0,34.25,39.59,0
09112,PADRE LAS CASAS,2010,11,40,127,245,0,0,27.5,51.84,0
09113,PERQUENCO,2010,12,42,1,12,0,0,28.57,8.33,0
09114,PITRUFQUÉN,2010,75,124,168,300,0,0,60.48,56,0
09115,PUCÓN,2010,42,64,88,181,0,0,65.63,48.62,0
09116,SAAVEDRA,2010,6,23,5,36,0,0,26.09,13.89,0
09117,TEODORO SCHMIDT,2010,2,9,9,19,0,0,22.22,47.37,0
09118,TOLTÉN,2010,5,11,0,0,0,0,45.45,0,0
09119,VILCÚN,2010,15,46,31,60,0,0,32.61,51.67,0
09120,VILLARRICA,2010,80,150,359,509,30,32,53.33,70.53,93.75
09121,CHOLCHOL,2010,0,0,0,0,0,0,0,0,0
09201,ANGOL,2010,342,628,126,187,30,30,54.46,67.38,100
09202,COLLIPULLI,2010,29,69,51,84,0,0,42.03,60.71,0
09203,CURACAUTÍN,2010,89,168,0,0,0,0,52.98,0,0
09204,ERCILLA,2010,4,16,3,14,0,0,25,21.43,0
09205,LONQUIMAY,2010,28,71,0,0,0,0,39.44,0,0
09206,LOS SAUCES,2010,3,29,0,0,0,0,10.34,0,0
09207,LUMACO,2010,4,16,0,0,0,0,25,0,0
09208,PURÉN,2010,24,70,0,0,0,0,34.29,0,0
09209,RENAICO,2010,4,30,0,0,0,0,13.33,0,0
09210,TRAIGUÉN,2010,67,151,54,86,0,0,44.37,62.79,0
09211,VICTORIA,2010,86,219,182,325,0,0,39.27,56,0
09101,TEMUCO,2009,632,1056,1895,2692,341,372,59.85,70.39,91.67
09102,CARAHUE,2009,100,174,7,28,0,0,57.47,25,0
09103,CUNCO,2009,33,51,45,100,0,0,64.71,45,0
09104,CURARREHUE,2009,6,19,5,17,0,0,31.58,29.41,0
09105,FREIRE,2009,10,38,2,6,0,0,26.32,33.33,0
09106,GALVARINO,2009,12,29,0,18,0,0,41.38,0,0
09107,GORBEA,2009,11,19,0,0,0,0,57.89,0,0
09108,LAUTARO,2009,95,168,1,6,0,0,56.55,16.67,0
09109,LONCOCHE,2009,79,109,9,25,0,0,72.48,36,0
09110,MELIPEUCO,2009,1,12,0,1,0,0,8.33,0,0
09111,NUEVA IMPERIAL,2009,40,132,105,307,0,0,30.3,34.2,0
09112,PADRE LAS CASAS,2009,6,25,106,265,0,0,24,40,0
09113,PERQUENCO,2009,9,39,0,8,0,0,23.08,0,0
09114,PITRUFQUÉN,2009,84,135,127,242,0,0,62.22,52.48,0
09115,PUCÓN,2009,37,50,83,167,9,10,74,49.7,90
09116,SAAVEDRA,2009,4,19,1,30,0,0,21.05,3.33,0
09117,TEODORO SCHMIDT,2009,3,14,10,21,0,0,21.43,47.62,0
09118,TOLTÉN,2009,9,22,2,8,0,0,40.91,25,0
09119,VILCÚN,2009,25,44,33,73,0,0,56.82,45.21,0
09120,VILLARRICA,2009,89,173,340,445,37,37,51.45,76.4,100
09121,CHOLCHOL,2009,0,0,0,0,0,0,0,0,0
09201,ANGOL,2009,301,653,149,228,18,18,46.09,65.35,100
09202,COLLIPULLI,2009,12,36,53,98,0,0,33.33,54.08,0
09203,CURACAUTÍN,2009,86,163,0,0,0,0,52.76,0,0
09204,ERCILLA,2009,4,20,0,14,0,0,20,0,0
09205,LONQUIMAY,2009,38,67,0,0,0,0,56.72,0,0
09206,LOS SAUCES,2009,4,62,0,0,0,0,6.45,0,0
09207,LUMACO,2009,7,27,0,0,0,0,25.93,0,0
09208,PURÉN,2009,36,82,0,0,0,0,43.9,0,0
09209,RENAICO,2009,7,40,0,0,0,0,17.5,0,0
09210,TRAIGUÉN,2009,69,133,45,80,0,0,51.88,56.25,0
09211,VICTORIA,2009,82,259,133,228,0,0,31.66,58.33,0
09101,TEMUCO,2008,632,1059,1842,2570,348,377,59.68,71.67,92.31
09102,CARAHUE,2008,93,172,9,23,0,0,54.07,39.13,0
09103,CUNCO,2008,22,59,66,117,0,0,37.29,56.41,0
09104,CURARREHUE,2008,0,5,2,14,0,0,0,14.29,0
09105,FREIRE,2008,10,35,3,12,0,0,28.57,25,0
09106,GALVARINO,2008,14,25,4,29,0,0,56,13.79,0
09107,GORBEA,2008,5,19,0,0,0,0,26.32,0,0
09108,LAUTARO,2008,110,218,1,2,0,0,50.46,50,0
09109,LONCOCHE,2008,82,128,9,27,0,0,64.06,33.33,0
09110,MELIPEUCO,2008,3,13,0,2,0,0,23.08,0,0
09111,NUEVA IMPERIAL,2008,47,144,117,321,0,0,32.64,36.45,0
09112,PADRE LAS CASAS,2008,3,20,90,225,0,0,15,40,0
09113,PERQUENCO,2008,7,29,2,11,0,0,24.14,18.18,0
09114,PITRUFQUÉN,2008,79,138,119,239,0,0,57.25,49.79,0
09115,PUCÓN,2008,45,84,77,158,0,0,53.57,48.73,0
09116,SAAVEDRA,2008,5,13,3,36,0,0,38.46,8.33,0
09117,TEODORO SCHMIDT,2008,1,11,15,27,0,0,9.09,55.56,0
09118,TOLTÉN,2008,5,13,3,9,0,0,38.46,33.33,0
09119,VILCÚN,2008,6,28,36,71,0,0,21.43,50.7,0
09120,VILLARRICA,2008,78,152,301,419,38,41,51.32,71.84,92.68
09121,CHOLCHOL,2008,0,0,0,0,0,0,0,0,0
09201,ANGOL,2008,326,664,116,189,24,24,49.1,61.38,100
09202,COLLIPULLI,2008,18,43,68,102,0,0,41.86,66.67,0
09203,CURACAUTÍN,2008,98,172,0,0,0,0,56.98,0,0
09204,ERCILLA,2008,3,12,0,5,0,0,25,0,0
09205,LONQUIMAY,2008,19,46,0,0,0,0,41.3,0,0
09206,LOS SAUCES,2008,11,48,0,0,0,0,22.92,0,0
09207,LUMACO,2008,4,34,0,0,0,0,11.76,0,0
09208,PURÉN,2008,39,93,0,0,0,0,41.94,0,0
09209,RENAICO,2008,6,67,0,0,0,0,8.96,0,0
09210,TRAIGUÉN,2008,63,122,42,80,0,0,51.64,52.5,0
09211,VICTORIA,2008,63,209,123,222,0,0,30.14,55.41,0
09101,TEMUCO,2007,604,991,1597,2147,370,387,60.95,74.38,95.61
09102,CARAHUE,2007,79,149,9,47,0,0,53.02,19.15,0
09103,CUNCO,2007,26,56,41,91,0,0,46.43,45.05,0
09104,CURARREHUE,2007,1,2,3,18,0,0,50,16.67,0
09105,FREIRE,2007,10,34,2,9,0,0,29.41,22.22,0
09106,GALVARINO,2007,11,24,1,16,0,0,45.83,6.25,0
09107,GORBEA,2007,3,22,0,0,0,0,13.64,0,0
09108,LAUTARO,2007,77,194,0,2,0,0,39.69,0,0
09109,LONCOCHE,2007,79,118,7,15,0,0,66.95,46.67,0
09110,MELIPEUCO,2007,2,17,0,0,0,0,11.76,0,0
09111,NUEVA IMPERIAL,2007,24,100,76,302,0,0,24,25.17,0
09112,PADRE LAS CASAS,2007,8,24,83,178,0,0,33.33,46.63,0
09113,PERQUENCO,2007,9,24,2,12,0,0,37.5,16.67,0
09114,PITRUFQUÉN,2007,69,113,104,214,0,0,61.06,48.6,0
09115,PUCÓN,2007,25,44,63,129,0,0,56.82,48.84,0
09116,SAAVEDRA,2007,10,19,1,16,0,0,52.63,6.25,0
09117,TEODORO SCHMIDT,2007,1,9,14,27,0,0,11.11,51.85,0
09118,TOLTÉN,2007,7,18,0,5,0,0,38.89,0,0
09119,VILCÚN,2007,4,22,31,51,0,0,18.18,60.78,0
09120,VILLARRICA,2007,67,148,256,334,42,42,45.27,76.65,100
09121,CHOLCHOL,2007,0,0,0,0,0,0,0,0,0
09201,ANGOL,2007,252,565,97,159,27,28,44.6,61.01,96.43
09202,COLLIPULLI,2007,17,36,37,60,0,0,47.22,61.67,0
09203,CURACAUTÍN,2007,78,135,0,0,0,0,57.78,0,0
09204,ERCILLA,2007,4,12,0,7,0,0,33.33,0,0
09205,LONQUIMAY,2007,32,54,0,0,0,0,59.26,0,0
09206,LOS SAUCES,2007,4,46,0,0,0,0,8.7,0,0
09207,LUMACO,2007,0,26,0,0,0,0,0,0,0
09208,PURÉN,2007,48,86,0,0,0,0,55.81,0,0
09209,RENAICO,2007,3,55,0,0,0,0,5.45,0,0
09210,TRAIGUÉN,2007,71,132,47,77,0,0,53.79,61.04,0
09211,VICTORIA,2007,75,189,137,188,0,0,39.68,72.87,0
09101,TEMUCO,2006,605,990,1577,2095,315,323,61.11,75.27,97.52
09102,CARAHUE,2006,57,134,11,29,0,0,42.54,37.93,0
09103,CUNCO,2006,24,58,43,83,0,0,41.38,51.81,0
09104,CURARREHUE,2006,3,9,5,26,0,0,33.33,19.23,0
09105,FREIRE,2006,7,28,0,21,0,0,25,0,0
09106,GALVARINO,2006,15,32,3,9,0,0,46.88,33.33,0
09107,GORBEA,2006,6,21,0,0,0,0,28.57,0,0
09108,LAUTARO,2006,82,193,0,1,0,0,42.49,0,0
09109,LONCOCHE,2006,84,128,3,21,0,0,65.63,14.29,0
09110,MELIPEUCO,2006,1,14,0,0,0,0,7.14,0,0
09111,NUEVA IMPERIAL,2006,36,161,86,243,0,0,22.36,35.39,0
09112,PADRE LAS CASAS,2006,9,35,64,128,0,0,25.71,50,0
09113,PERQUENCO,2006,4,18,1,9,0,0,22.22,11.11,0
09114,PITRUFQUÉN,2006,64,103,97,188,0,0,62.14,51.6,0
09115,PUCÓN,2006,25,37,57,124,0,0,67.57,45.97,0
09116,SAAVEDRA,2006,3,11,0,3,0,0,27.27,0,0
09117,TEODORO SCHMIDT,2006,0,13,14,20,0,0,0,70,0
09118,TOLTÉN,2006,4,9,0,6,0,0,44.44,0,0
09119,VILCÚN,2006,8,27,11,42,0,0,29.63,26.19,0
09120,VILLARRICA,2006,70,138,266,323,36,38,50.72,82.35,94.74
09121,CHOLCHOL,2006,0,0,0,0,0,0,0,0,0
09201,ANGOL,2006,269,517,99,158,26,26,52.03,62.66,100
09202,COLLIPULLI,2006,12,22,46,74,0,0,54.55,62.16,0
09203,CURACAUTÍN,2006,82,140,0,0,0,0,58.57,0,0
09204,ERCILLA,2006,4,13,0,4,0,0,30.77,0,0
09205,LONQUIMAY,2006,25,65,0,0,0,0,38.46,0,0
09206,LOS SAUCES,2006,5,28,0,0,0,0,17.86,0,0
09207,LUMACO,2006,3,24,0,0,0,0,12.5,0,0
09208,PURÉN,2006,24,63,0,0,0,0,38.1,0,0
09209,RENAICO,2006,1,29,0,0,0,0,3.45,0,0
09210,TRAIGUÉN,2006,45,119,39,59,0,0,37.82,66.1,0
09211,VICTORIA,2006,54,150,128,170,0,0,36,75.29,0
09101,TEMUCO,2005,512,810,1216,1629,368,380,63.21,74.65,96.84
09102,CARAHUE,2005,71,142,6,31,0,0,50,19.35,0
09103,CUNCO,2005,21,51,25,58,0,0,41.18,43.1,0
09104,CURARREHUE,2005,0,4,0,5,0,0,0,0,0
09105,FREIRE,2005,13,37,1,7,0,0,35.14,14.29,0
09106,GALVARINO,2005,10,25,0,0,0,0,40,0,0
09107,GORBEA,2005,6,10,0,0,0,0,60,0,0
09108,LAUTARO,2005,41,132,0,0,0,0,31.06,0,0
09109,LONCOCHE,2005,66,94,0,6,0,0,70.21,0,0
09110,MELIPEUCO,2005,2,33,0,0,0,0,6.06,0,0
09111,NUEVA IMPERIAL,2005,24,97,59,161,0,0,24.74,36.65,0
09112,PADRE LAS CASAS,2005,9,18,36,76,0,0,50,47.37,0
09113,PERQUENCO,2005,3,23,1,3,0,0,13.04,33.33,0
09114,PITRUFQUÉN,2005,49,104,80,142,0,0,47.12,56.34,0
09115,PUCÓN,2005,17,28,37,97,0,0,60.71,38.14,0
09116,SAAVEDRA,2005,1,7,0,14,0,0,14.29,0,0
09117,TEODORO SCHMIDT,2005,0,0,1,13,0,0,0,7.69,0
09118,TOLTÉN,2005,2,2,1,6,0,0,100,16.67,0
09119,VILCÚN,2005,7,15,10,17,0,0,46.67,58.82,0
09120,VILLARRICA,2005,69,136,218,263,45,49,50.74,82.89,91.84
09121,CHOLCHOL,2005,0,0,0,0,0,0,0,0,0
09201,ANGOL,2005,174,370,81,114,27,28,47.03,71.05,96.43
09202,COLLIPULLI,2005,10,24,21,37,0,0,41.67,56.76,0
09203,CURACAUTÍN,2005,74,126,0,0,0,0,58.73,0,0
09204,ERCILLA,2005,3,11,0,2,0,0,27.27,0,0
09205,LONQUIMAY,2005,30,54,0,0,0,0,55.56,0,0
09206,LOS SAUCES,2005,2,17,0,0,0,0,11.76,0,0
09207,LUMACO,2005,8,26,0,0,0,0,30.77,0,0
09208,PURÉN,2005,25,43,0,0,0,0,58.14,0,0
09209,RENAICO,2005,2,26,0,0,0,0,7.69,0,0
09210,TRAIGUÉN,2005,51,96,34,47,0,0,53.13,72.34,0
09211,VICTORIA,2005,72,173,121,175,0,0,41.62,69.14,0
09101,TEMUCO,2004,452,716,1106,1514,394,419,63.13,73.05,94.03
09102,CARAHUE,2004,61,110,1,22,0,0,55.45,4.55,0
09103,CUNCO,2004,12,38,29,61,0,0,31.58,47.54,0
09104,CURARREHUE,2004,2,10,0,10,0,0,20,0,0
09105,FREIRE,2004,8,16,1,6,0,0,50,16.67,0
09106,GALVARINO,2004,14,32,0,0,0,0,43.75,0,0
09107,GORBEA,2004,12,25,0,0,0,0,48,0,0
09108,LAUTARO,2004,53,128,0,0,0,0,41.41,0,0
09109,LONCOCHE,2004,76,101,1,4,0,0,75.25,25,0
09110,MELIPEUCO,2004,2,16,0,0,0,0,12.5,0,0
09111,NUEVA IMPERIAL,2004,15,64,61,155,0,0,23.44,39.35,0
09112,PADRE LAS CASAS,2004,7,16,38,79,0,0,43.75,48.1,0
09113,PERQUENCO,2004,3,28,0,0,0,0,10.71,0,0
09114,PITRUFQUÉN,2004,46,99,59,126,0,0,46.46,46.83,0
09115,PUCÓN,2004,20,33,18,78,0,0,60.61,23.08,0
09116,SAAVEDRA,2004,7,17,0,0,0,0,41.18,0,0
09117,TEODORO SCHMIDT,2004,0,0,5,7,0,0,0,71.43,0
09118,TOLTÉN,2004,1,1,0,0,0,0,100,0,0
09119,VILCÚN,2004,0,6,14,27,0,0,0,51.85,0
09120,VILLARRICA,2004,47,101,207,262,27,31,46.53,79.01,87.1
09121,CHOLCHOL,2004,NA,NA,NA,NA,NA,NA,NA,NA,NA
09201,ANGOL,2004,187,355,63,87,43,46,52.68,72.41,93.48
09202,COLLIPULLI,2004,8,26,25,38,0,0,30.77,65.79,0
09203,CURACAUTÍN,2004,54,112,0,0,0,0,48.21,0,0
09204,ERCILLA,2004,3,3,1,4,0,0,100,25,0
09205,LONQUIMAY,2004,22,49,0,0,0,0,44.9,0,0
09206,LOS SAUCES,2004,3,19,0,0,0,0,15.79,0,0
09207,LUMACO,2004,4,20,0,0,0,0,20,0,0
09208,PURÉN,2004,17,38,0,0,0,0,44.74,0,0
09209,RENAICO,2004,0,20,0,0,0,0,0,0,0
09210,TRAIGUÉN,2004,79,122,29,40,0,0,64.75,72.5,0
09211,VICTORIA,2004,55,131,112,146,0,0,41.98,76.71,0
09101,TEMUCO,2003,433,793,983,1398,362,400,54.6,70.31,90.5
09102,CARAHUE,2003,63,120,8,24,0,0,52.5,33.33,0
09103,CUNCO,2003,10,45,12,36,0,0,22.22,33.33,0
09104,CURARREHUE,2003,2,23,1,14,0,0,8.7,7.14,0
09105,FREIRE,2003,7,32,1,6,0,0,21.88,16.67,0
09106,GALVARINO,2003,3,18,0,0,0,0,16.67,0,0
09107,GORBEA,2003,5,17,0,0,0,0,29.41,0,0
09108,LAUTARO,2003,35,96,0,1,0,0,36.46,0,0
09109,LONCOCHE,2003,46,89,0,5,0,0,51.69,0,0
09110,MELIPEUCO,2003,1,15,0,1,0,0,6.67,0,0
09111,NUEVA IMPERIAL,2003,24,79,42,155,0,0,30.38,27.1,0
09112,PADRE LAS CASAS,2003,4,11,28,81,0,0,36.36,34.57,0
09113,PERQUENCO,2003,4,17,0,0,0,0,23.53,0,0
09114,PITRUFQUÉN,2003,28,68,63,116,0,0,41.18,54.31,0
09115,PUCÓN,2003,8,18,24,63,0,0,44.44,38.1,0
09116,SAAVEDRA,2003,1,11,0,0,0,0,9.09,0,0
09117,TEODORO SCHMIDT,2003,0,0,6,24,0,0,0,25,0
09118,TOLTÉN,2003,1,3,0,0,0,0,33.33,0,0
09119,VILCÚN,2003,1,10,11,27,0,0,10,40.74,0
09120,VILLARRICA,2003,26,77,202,280,14,14,33.77,72.14,100
09121,CHOLCHOL,2003,NA,NA,NA,NA,NA,NA,NA,NA,NA
09201,ANGOL,2003,140,328,37,54,36,38,42.68,68.52,94.74
09202,COLLIPULLI,2003,5,19,7,12,0,0,26.32,58.33,0
09203,CURACAUTÍN,2003,58,92,0,0,0,0,63.04,0,0
09204,ERCILLA,2003,4,15,0,6,0,0,26.67,0,0
09205,LONQUIMAY,2003,27,45,0,0,0,0,60,0,0
09206,LOS SAUCES,2003,2,14,0,0,0,0,14.29,0,0
09207,LUMACO,2003,4,22,0,0,0,0,18.18,0,0
09208,PURÉN,2003,17,46,0,0,0,0,36.96,0,0
09209,RENAICO,2003,4,17,0,0,0,0,NA,NA,NA
09210,TRAIGUÉN,2003,61,115,36,56,0,0,53.04,64.29,0
09211,VICTORIA,2003,45,134,110,164,0,0,33.58,67.07,0
09101,TEMUCO,2002,330,768,970,1520,319,369,42.97,63.82,86.45
09102,CARAHUE,2002,28,81,2,40,0,0,34.57,5,0
09103,CUNCO,2002,9,40,16,42,0,0,22.5,38.1,0
09104,CURARREHUE,2002,0,19,0,11,0,0,0,0,0
09105,FREIRE,2002,8,37,2,4,0,0,21.62,50,0
09106,GALVARINO,2002,7,20,0,2,0,0,35,0,0
09107,GORBEA,2002,3,17,0,0,0,0,17.65,0,0
09108,LAUTARO,2002,39,113,0,2,0,0,34.51,0,0
09109,LONCOCHE,2002,45,102,0,5,0,0,44.12,0,0
09110,MELIPEUCO,2002,1,19,0,3,0,0,5.26,0,0
09111,NUEVA IMPERIAL,2002,21,137,28,148,0,0,15.33,18.92,0
09112,PADRE LAS CASAS,2002,0,0,30,88,0,0,0,34.09,0
09113,PERQUENCO,2002,1,16,0,0,0,0,6.25,0,0
09114,PITRUFQUÉN,2002,21,66,39,111,0,0,31.82,35.14,0
09115,PUCÓN,2002,6,40,9,58,0,0,15,15.52,0
09116,SAAVEDRA,2002,1,20,0,0,0,0,5,0,0
09117,TEODORO SCHMIDT,2002,0,NA,0,15,0,0,NA,0,0
09118,TOLTÉN,2002,5,10,0,0,0,0,50,0,0
09119,VILCÚN,2002,2,11,6,18,0,0,18.18,33.33,0
09120,VILLARRICA,2002,33,100,167,304,14,14,33,54.93,100
09121,CHOLCHOL,2002,NA,NA,NA,NA,NA,NA,NA,NA,NA
09201,ANGOL,2002,152,397,24,43,26,28,38.29,55.81,92.86
09202,COLLIPULLI,2002,12,39,11,20,0,0,30.77,55,0
09203,CURACAUTÍN,2002,46,95,0,0,0,0,48.42,0,0
09204,ERCILLA,2002,2,9,0,0,0,0,22.22,0,0
09205,LONQUIMAY,2002,16,48,0,0,0,0,33.33,0,0
09206,LOS SAUCES,2002,1,18,0,0,0,0,5.56,0,0
09207,LUMACO,2002,1,34,0,0,0,0,2.94,0,0
09208,PURÉN,2002,23,60,0,0,0,0,38.33,0,0
09209,RENAICO,2002,2,32,0,0,0,0,6.25,0,0
09210,TRAIGUÉN,2002,55,127,19,40,0,0,43.31,47.5,0
09211,VICTORIA,2002,26,106,89,162,0,0,24.53,54.94,0
09101,TEMUCO,2001,342,819,851,1412,323,379,41.76,60.27,85.22
09102,CARAHUE,2001,28,76,5,27,0,0,36.84,18.52,0
09103,CUNCO,2001,2,38,10,48,0,0,5.26,20.83,0
09104,CURARREHUE,2001,0,16,0,0,0,0,0,0,0
09105,FREIRE,2001,6,33,2,6,0,0,18.18,33.33,0
09106,GALVARINO,2001,6,22,0,0,0,0,27.27,0,0
09107,GORBEA,2001,10,43,0,0,0,0,23.26,0,0
09108,LAUTARO,2001,41,153,0,1,0,0,26.8,0,0
09109,LONCOCHE,2001,32,93,0,10,0,0,34.41,0,0
09110,MELIPEUCO,2001,1,20,0,0,0,0,5,0,0
09111,NUEVA IMPERIAL,2001,27,102,48,151,0,0,26.47,31.79,0
09112,PADRE LAS CASAS,2001,0,0,17,48,0,0,0,35.42,0
09113,PERQUENCO,2001,2,19,0,0,0,0,10.53,0,0
09114,PITRUFQUÉN,2001,25,90,44,110,0,0,27.78,40,0
09115,PUCÓN,2001,8,23,17,74,0,0,34.78,22.97,0
09116,SAAVEDRA,2001,5,29,0,0,0,0,17.24,0,0
09117,TEODORO SCHMIDT,2001,0,0,4,23,0,0,0,17.39,0
09118,TOLTÉN,2001,2,13,0,0,0,0,15.38,0,0
09119,VILCÚN,2001,0,14,6,33,0,0,0,18.18,0
09120,VILLARRICA,2001,46,136,160,253,10,10,33.82,63.24,100
09121,CHOLCHOL,2001,NA,NA,NA,NA,NA,NA,NA,NA,NA
09201,ANGOL,2001,138,344,16,39,32,40,40.12,41.03,80
09202,COLLIPULLI,2001,12,44,1,10,0,0,27.27,10,0
09203,CURACAUTÍN,2001,35,115,0,0,0,0,30.43,0,0
09204,ERCILLA,2001,4,17,0,0,0,0,23.53,0,0
09205,LONQUIMAY,2001,10,40,0,0,0,0,25,0,0
09206,LOS SAUCES,2001,1,28,0,0,0,0,3.57,0,0
09207,LUMACO,2001,3,49,0,0,0,0,6.12,0,0
09208,PURÉN,2001,17,53,0,0,0,0,32.08,0,0
09209,RENAICO,2001,2,26,0,0,0,0,7.69,0,0
09210,TRAIGUÉN,2001,57,138,17,26,0,0,41.3,65.38,0
09211,VICTORIA,2001,43,120,85,135,0,0,35.83,62.96,0
